{"stat.pickup.tconstruct.book":1,"stat.walkOneCm":27258,"stat.playerKills":1,"stat.leaveGame":1,"stat.pickup.minecraft.arrow":1,"stat.killEntity.gorgon":1,"stat.pickup.minecraft.pumpkin_seeds":73,"stat.killEntity.Wolf":1,"stat.mobKills":4,"stat.pickup.minecraft.cobblestone":18,"stat.killEntity.Creeper":1,"stat.pickup.forestry.book_forester":1,"stat.pickup.minecraft.string":2,"stat.pickup.iceandfire.gorgon_head":1,"stat.flyOneCm":259549,"stat.deaths":1,"stat.pickup.minecraft.wheat_seeds":175,"stat.pickup.conarm.book":1,"stat.jump":105,"stat.swimOneCm":3464,"stat.playOneMinute":66050,"stat.useItem.aiotbotania.elementiumaiot":12,"stat.pickup.minecraft.red_flower":1,"stat.sneakTime":720,"stat.pickup.minecraft.melon_seeds":38,"stat.damageDealt":427,"stat.pickup.minecraft.porkchop":1,"stat.pickup.avaritia.matter_cluster":1,"stat.pickup.minecraft.stone":60,"stat.pickup.minecraft.gunpowder":1,"stat.crouchOneCm":927,"stat.killEntity.Zombie":1,"stat.timeSinceDeath":61622,"stat.pickup.minecraft.dirt":85,"stat.sprintOneCm":4457,"stat.useItem.minecraft.stone_slab2":4,"stat.useItem.avaritia.infinity_sword":1,"stat.diveOneCm":9209}