{"stat.pickup.tconstruct.book":1,"stat.entityKilledBy.seaserpent":1,"stat.walkOneCm":56969,"stat.leaveGame":3,"stat.pickup.minecraft.pumpkin_seeds":12,"stat.pickup.minecraft.cobblestone":127,"stat.pickup.forestry.resources":2,"stat.pickup.forestry.book_forester":1,"stat.flyOneCm":42822,"stat.deaths":6,"stat.pickup.minecraft.sandstone":1,"stat.pickup.minecraft.wheat_seeds":73,"stat.pickup.conarm.book":1,"stat.jump":47,"stat.playOneMinute":6224,"stat.fallOneCm":2895,"stat.sneakTime":6,"stat.pickup.minecraft.diamond_block":4,"stat.pickup.minecraft.melon_seeds":38,"stat.pickup.minecraft.stone":10,"stat.crouchOneCm":6,"stat.timeSinceDeath":0,"stat.pickup.minecraft.dirt":65,"stat.mineBlock.minecraft.dirt":2,"stat.sprintOneCm":2259,"stat.useItem.minecraft.stone_slab2":1,"stat.mineBlock.minecraft.tallgrass":2,"stat.pickup.minecraft.iron_ore":4}